sim_id,bkr,cell,rot,expected perms,actual perms
id17,129,510059,9110,3,3
id17,129,506068,9130,3,3
id17,129,504058,9120,3,3
id17,129,504062,9130,3,3
id17,129,500037,9120,3,3
id17,129,500040,9110,3,3
id17,129,500048,9120,3,3
id17,129,500055,9130,3,3
id17,129,498043,9120,3,3
id17,129,498048,9110,3,3
id17,129,498052,9120,3,3
id17,129,496050,9120,3,3
id17,129,496054,9110,3,3
id17,129,490050,9110,3,3
id17,129,490055,9120,3,3
id17,129,488047,9120,3,3
id17,129,488047,9110,3,3
id17,129,488047,9130,3,3
id17,129,488048,9110,3,3
id17,129,488048,9130,3,3
id17,129,488055,9120,3,3
id17,129,486044,9130,3,3
id17,129,482036,9130,3,3
id17,129,482046,9130,3,3
id17,129,480036,9130,3,3
id17,129,476038,9120,3,3
id17,129,517055,9120,3,3
id17,129,517059,9110,3,3
id17,129,515058,9110,3,3
id17,129,513050,9120,3,3
id17,129,509041,9130,3,3
id17,129,509043,9130,3,3
id17,129,505054,9120,3,3
id17,129,505056,9130,3,3
id17,129,501048,9120,3,3
id17,129,501052,9130,3,3
id17,129,499043,9120,3,3
id17,129,493054,9120,3,3
id17,129,493054,9110,3,3
id17,129,489047,9120,3,3
id17,129,487037,9130,3,3
id17,129,487040,9110,3,3
id17,129,487040,9130,3,3
id17,129,487044,9120,3,3
id17,129,483039,9110,3,3
id17,129,483044,9120,3,3
id17,129,516057,9120,3,3
id17,134,419165,7120,3,3
id17,134,467126,7130,4,3
id17,134,426179,7130,4,3
id17,134,418121,7120,3,3
id17,134,418126,7130,4,3
id17,134,418165,7130,4,3
id17,134,459161,7110,3,3
id17,134,389193,7130,4,3
id17,134,430155,7130,4,3
id17,134,389201,7130,4,3
id17,134,410122,7130,4,3
id17,134,451103,7110,3,3
id17,134,451107,7130,4,3
id17,134,451140,7130,4,3
id17,134,451142,7110,3,3
id17,134,410187,7130,4,3
id17,134,415174,7120,3,3
id17,134,402143,7130,4,3
id17,134,402149,7110,3,3
id17,134,402153,7130,4,3
id17,134,402153,7110,3,3
id17,134,443134,7110,3,3
id17,134,443137,7130,4,3
id17,134,402194,7130,4,3
id17,134,400175,7110,3,3
id17,134,402209,7130,4,3
id17,134,402211,7130,4,3
id17,134,402211,7120,3,3
id17,134,402213,7110,3,3
id17,134,400192,7130,4,3
id17,134,426138,7110,3,3
id17,134,394168,7130,4,3
id17,134,394177,7130,4,3
id17,134,435149,7120,3,3
id17,134,435165,7110,3,3
id17,134,435173,7110,3,3
id17,134,435195,7120,3,3
id17,134,427108,7130,4,3
id17,134,386187,7110,3,3
id17,134,427152,7130,4,3
id17,134,427170,7110,3,3
id17,134,427174,7120,3,3
id17,134,427198,7110,3,3
id17,134,419126,7110,3,3
id17,134,419168,7120,3,3
id17,134,411133,7110,3,3
id17,134,411133,7120,3,3
id17,134,429138,7130,4,3
id17,134,429138,7110,3,3
id17,134,429138,7120,3,3
id17,134,411141,7110,3,3
id17,134,411160,7130,4,3
id17,134,411164,7130,4,3
id17,134,411168,7130,4,3
id17,134,452137,7120,3,3
id17,134,452141,7110,3,3
id17,134,452153,7130,4,3
id17,134,403129,7110,3,3
id17,134,403185,7130,4,3
id17,134,403208,7130,4,3
id17,134,448134,7110,3,3
id17,134,429150,7130,4,3
id17,134,395165,7110,3,3
id17,134,436147,7130,4,3
id17,134,392185,7130,4,3
id17,134,387179,7110,3,3
id17,134,387179,7120,3,3
id17,134,387187,7130,4,3
id17,134,428156,7110,3,3
id17,134,387197,7110,3,3
id17,134,387199,7130,4,3
id17,134,428166,7120,3,3
id17,134,428170,7120,3,3
id17,134,469156,7110,3,3
id17,134,428197,7120,3,3
id17,134,420110,7130,4,3
id17,134,420141,7110,3,3
id17,134,420178,7130,4,3
id17,134,420180,7120,3,3
id17,134,420182,7120,3,3
id17,134,403193,7120,3,3
id17,134,429137,7110,3,3
id17,134,412155,7130,4,3
id17,134,412165,7120,3,3
id17,134,412179,7130,4,3
id17,134,453155,7130,4,3
id17,134,404131,7130,4,3
id17,134,404141,7130,4,3
id17,134,404141,7110,3,3
id17,134,404141,7120,3,3
id17,134,445130,7110,3,3
id17,134,445132,7120,3,3
id17,134,445139,7110,3,3
id17,134,404191,7110,3,3
id17,134,404193,7110,3,3
id17,134,445179,7110,3,3
id17,134,445184,7120,3,3
id17,134,414171,7120,3,3
id17,134,396177,7130,4,3
id17,134,437126,7110,3,3
id17,134,437128,7130,4,3
id17,134,396213,7120,3,3
id17,134,429116,7130,4,3
id17,134,429133,7130,4,3
id17,134,429166,7120,3,3
id17,134,429167,7130,4,3
id17,134,429173,7110,3,3
id17,134,429175,7120,3,3
id17,134,410142,7110,3,3
id17,134,421121,7110,3,3
id17,134,421157,7110,3,3
id17,134,421171,7130,4,3
id17,134,413114,7110,3,3
id17,134,413126,7120,3,3
id17,134,413158,7120,3,3
id17,134,395175,7110,3,3
id17,134,395175,7120,3,3
id17,134,413167,7110,3,3
id17,134,413167,7120,3,3
id17,134,413175,7120,3,3
id17,134,454152,7130,4,3
id17,134,405112,7120,3,3
id17,134,405124,7120,3,3
id17,134,405129,7110,3,3
id17,134,405141,7130,4,3
id17,134,405141,7110,3,3
id17,134,405187,7110,3,3
id17,134,405195,7130,4,3
id17,134,446172,7130,4,3
id17,134,446173,7130,4,3
id17,134,446173,7110,3,3
id17,134,438126,7110,3,3
id17,134,438136,7130,4,3
id17,134,397180,7130,4,3
id17,134,430116,7120,3,3
id17,134,389177,7130,4,3
id17,134,389187,7110,3,3
id17,134,430166,7110,3,3
id17,134,430178,7120,3,3
id17,134,430196,7130,4,3
id17,134,432151,7110,3,3
id17,134,432167,7110,3,3
id17,134,422127,7130,4,3
id17,134,381191,7120,3,3
id17,134,434142,7130,4,3
id17,134,422196,7120,3,3
id17,134,392179,7120,3,3
id17,134,414184,7120,3,3
id17,134,455158,7130,4,3
id17,134,443150,7130,4,3
id17,134,406118,7110,3,3
id17,134,447160,7120,3,3
id17,134,387203,7130,4,3
id17,134,398130,7120,3,3
id17,134,398132,7130,4,3
id17,134,398145,7110,3,3
id17,134,398179,7120,3,3
id17,134,398194,7120,3,3
id17,134,439161,7120,3,3
id17,134,431133,7110,3,3
id17,134,431182,7130,4,3
id17,134,431182,7110,3,3
id17,134,439158,7130,4,3
id17,134,439158,7110,3,3
id17,134,423110,7110,3,3
id17,134,423132,7110,3,3
id17,134,382191,7120,3,3
id17,134,382193,7130,4,3
id17,134,401169,7130,4,3
id17,134,423165,7130,4,3
id17,134,415141,7110,3,3
id17,134,415148,7130,4,3
id17,134,415165,7110,3,3
id17,134,415165,7120,3,3
id17,134,415166,7120,3,3
id17,134,409166,7120,3,3
id17,134,407108,7120,3,3
id17,134,407123,7110,3,3
id17,134,407134,7110,3,3
id17,134,435141,7110,3,3
id17,134,435142,7120,3,3
id17,134,448170,7110,3,3
id17,134,448172,7130,4,3
id17,134,448183,7110,3,3
id17,134,399124,7110,3,3
id17,134,399135,7130,4,3
id17,134,399135,7110,3,3
id17,134,399172,7120,3,3
id17,134,399176,7130,4,3
id17,134,399179,7120,3,3
id17,134,399199,7110,3,3
id17,134,432127,7110,3,3
id17,134,432127,7120,3,3
id17,134,432144,7120,3,3
id17,134,391196,7120,3,3
id17,134,391200,7110,3,3
id17,134,432172,7130,4,3
id17,134,432193,7110,3,3
id17,134,424114,7110,3,3
id17,134,424118,7130,4,3
id17,134,424120,7120,3,3
id17,134,424125,7120,3,3
id17,134,424158,7120,3,3
id17,134,424163,7120,3,3
id17,134,390187,7110,3,3
id17,134,431154,7130,4,3
id17,134,390207,7130,4,3
id17,134,416140,7130,4,3
id17,134,416152,7120,3,3
id17,134,416161,7130,4,3
id17,134,416163,7120,3,3
id17,134,416167,7120,3,3
id17,134,457125,7130,4,3
id17,134,408115,7130,4,3
id17,134,408119,7130,4,3
id17,134,408119,7110,3,3
id17,134,408119,7120,3,3
id17,134,408135,7120,3,3
id17,134,449134,7110,3,3
id17,134,449135,7120,3,3
id17,134,442132,7110,3,3
id17,134,427127,7120,3,3
id17,134,401193,7130,4,3
id17,134,400123,7120,3,3
id17,134,400137,7110,3,3
id17,134,400138,7130,4,3
id17,134,400174,7130,4,3
id17,134,400184,7110,3,3
id17,134,400198,7130,4,3
id17,134,400205,7130,4,3
id17,134,400207,7110,3,3
id17,134,442171,7130,4,3
id17,134,401213,7130,4,3
id17,134,392177,7110,3,3
id17,134,433147,7110,3,3
id17,134,392201,7120,3,3
id17,134,433146,7130,4,3
id17,134,453139,7130,4,3
id17,134,427147,7110,3,3
id17,134,453143,7110,3,3
id17,134,425103,7130,4,3
id17,134,425103,7110,3,3
id17,134,425107,7120,3,3
id17,134,425114,7130,4,3
id17,134,425114,7110,3,3
id17,134,425114,7120,3,3
id17,134,425131,7130,4,3
id17,134,425133,7110,3,3
id17,134,425133,7120,3,3
id17,134,384188,7110,3,3
id17,134,423121,7120,3,3
id17,134,417137,7120,3,3
id17,134,417163,7110,3,3
id17,134,458142,7120,3,3
id17,134,458175,7120,3,3
id17,134,408141,7130,4,3
id17,134,409141,7120,3,3
id17,134,450139,7120,3,3
id17,134,450183,7130,4,3
id17,134,450183,7110,3,3
id17,134,450183,7120,3,3
id17,134,401127,7110,3,3
id17,134,401131,7120,3,3
id17,134,401138,7130,4,3
id17,134,434098,7120,3,3
id17,134,434100,7130,4,3
id17,134,434125,7110,3,3
id17,134,393191,7120,3,3
id17,134,393197,7110,3,3
id17,134,393212,7120,3,3
id17,141,467010,8130,3,3
id17,141,467012,8110,3,3
id17,141,467012,8130,3,3
id17,141,467021,8130,3,3
id17,141,467022,8120,4,3
id17,141,467026,8120,4,3
id17,141,467027,8130,3,3
id17,141,467037,8120,4,3
id17,141,467041,8120,4,3
id17,141,467047,8130,3,3
id17,141,467060,8130,3,3
id17,141,459016,8120,4,3
id17,141,459023,8120,4,3
id17,141,459024,8120,4,3
id17,141,459028,8120,4,3
id17,141,459030,8120,4,3
id17,141,459032,8120,4,3
id17,141,459033,8110,3,3
id17,141,459053,8120,4,3
id17,141,459063,8110,3,3
id17,141,451026,8120,4,3
id17,141,451031,8120,4,3
id17,141,451033,8110,3,3
id17,141,451039,8120,4,3
id17,141,451045,8120,4,3
id17,141,451054,8130,3,3
id17,141,492063,8110,3,3
id17,141,492063,8130,3,3
id17,141,492063,8120,4,3
id17,141,492065,8120,4,3
id17,141,492066,8120,4,3
id17,141,492069,8120,4,3
id17,141,492087,8110,3,3
id17,141,492087,8130,3,3
id17,141,443002,8110,3,3
id17,141,443031,8130,3,3
id17,141,443042,8110,3,3
id17,141,443060,8130,3,3
id17,141,484051,8110,3,3
id17,141,484053,8130,3,3
id17,141,484055,8110,3,3
id17,141,484072,8110,3,3
id17,141,435025,8110,3,3
id17,141,435029,8130,3,3
id17,141,435032,8120,4,3
id17,141,435051,8120,4,3
id17,141,435055,8130,3,3
id17,141,476040,8130,3,3
id17,141,476040,8120,4,3
id17,141,476049,8120,4,3
id17,141,476051,8120,4,3
id17,141,476058,8110,3,3
id17,141,476065,8130,3,3
id17,141,427027,8130,3,3
id17,141,468021,8130,3,3
id17,141,468034,8130,3,3
id17,141,468039,8110,3,3
id17,141,468039,8120,4,3
id17,141,468050,8130,3,3
id17,141,468054,8120,4,3
id17,141,460015,8120,4,3
id17,141,460017,8110,3,3
id17,141,460030,8110,3,3
id17,141,460032,8120,4,3
id17,141,460040,8110,3,3
id17,141,460048,8120,4,3
id17,141,460070,8130,3,3
id17,141,474011,8110,3,3
id17,141,452025,8110,3,3
id17,141,452030,8130,3,3
id17,141,452035,8120,4,3
id17,141,452037,8130,3,3
id17,141,452054,8130,3,3
id17,141,452066,8120,4,3
id17,141,493067,8120,4,3
id17,141,493075,8120,4,3
id17,141,444016,8130,3,3
id17,141,444018,8120,4,3
id17,141,444053,8120,4,3
id17,141,485051,8120,4,3
id17,141,485053,8130,3,3
id17,141,485063,8120,4,3
id17,141,436019,8130,3,3
id17,141,436025,8120,4,3
id17,141,436032,8110,3,3
id17,141,436045,8130,3,3
id17,141,436045,8120,4,3
id17,141,477042,8110,3,3
id17,141,477051,8120,4,3
id17,141,477053,8110,3,3
id17,141,477055,8110,3,3
id17,141,477070,8120,4,3
id17,141,428028,8110,3,3
id17,141,469021,8130,3,3
id17,141,469021,8120,4,3
id17,141,469040,8110,3,3
id17,141,469044,8130,3,3
id17,141,469050,8110,3,3
id17,141,469060,8130,3,3
id17,141,469066,8130,3,3
id17,141,461015,8120,4,3
id17,141,461019,8120,4,3
id17,141,461037,8110,3,3
id17,141,461048,8130,3,3
id17,141,461052,8120,4,3
id17,141,461056,8110,3,3
id17,141,461067,8120,4,3
id17,141,453022,8130,3,3
id17,141,453035,8130,3,3
id17,141,453037,8110,3,3
id17,141,453051,8120,4,3
id17,141,453061,8110,3,3
id17,141,453064,8120,4,3
id17,141,445015,8120,4,3
id17,141,445018,8110,3,3
id17,141,445019,8110,3,3
id17,141,445022,8120,4,3
id17,141,445053,8130,3,3
id17,141,445055,8120,4,3
id17,141,445065,8120,4,3
id17,141,486054,8130,3,3
id17,141,486069,8110,3,3
id17,141,486071,8120,4,3
id17,141,437021,8120,4,3
id17,141,437029,8110,3,3
id17,141,437035,8120,4,3
id17,141,437040,8130,3,3
id17,141,437041,8120,4,3
id17,141,437056,8110,3,3
id17,141,478039,8130,3,3
id17,141,478048,8130,3,3
id17,141,478066,8120,4,3
id17,141,429030,8110,3,3
id17,141,470011,8110,3,3
id17,141,470017,8120,4,3
id17,141,470040,8120,4,3
id17,141,470041,8120,4,3
id17,141,470042,8110,3,3
id17,141,470046,8110,3,3
id17,141,470061,8130,3,3
id17,141,470065,8130,3,3
id17,141,462027,8120,4,3
id17,141,462030,8120,4,3
id17,141,462039,8120,4,3
id17,141,462041,8120,4,3
id17,141,462063,8120,4,3
id17,141,462070,8130,3,3
id17,141,454016,8120,4,3
id17,141,454022,8130,3,3
id17,141,454030,8120,4,3
id17,141,454051,8130,3,3
id17,141,454058,8120,4,3
id17,141,454063,8110,3,3
id17,141,446004,8130,3,3
id17,141,446006,8130,3,3
id17,141,446023,8110,3,3
id17,141,446025,8130,3,3
id17,141,446035,8130,3,3
id17,141,446060,8120,4,3
id17,141,487048,8110,3,3
id17,141,487052,8110,3,3
id17,141,487052,8130,3,3
id17,141,487066,8120,4,3
id17,141,487074,8130,3,3
id17,141,487078,8120,4,3
id17,141,438015,8110,3,3
id17,141,438019,8110,3,3
id17,141,438019,8130,3,3
id17,141,438027,8120,4,3
id17,141,438031,8130,3,3
id17,141,438043,8120,4,3
id17,141,438044,8110,3,3
id17,141,438048,8120,4,3
id17,141,438050,8130,3,3
id17,141,479037,8120,4,3
id17,141,479045,8120,4,3
id17,141,479049,8120,4,3
id17,141,479061,8110,3,3
id17,141,479066,8120,4,3
id17,141,471009,8120,4,3
id17,141,471018,8110,3,3
id17,141,471018,8130,3,3
id17,141,471055,8120,4,3
id17,141,463025,8130,3,3
id17,141,463040,8120,4,3
id17,141,463041,8120,4,3
id17,141,463045,8130,3,3
id17,141,463047,8130,3,3
id17,141,463047,8120,4,3
id17,141,463052,8110,3,3
id17,141,463070,8120,4,3
id17,141,463072,8110,3,3
id17,141,455019,8110,3,3
id17,141,455020,8110,3,3
id17,141,455023,8120,4,3
id17,141,455032,8130,3,3
id17,141,447002,8110,3,3
id17,141,447011,8110,3,3
id17,141,447018,8110,3,3
id17,141,447031,8130,3,3
id17,141,447033,8120,4,3
id17,141,447037,8120,4,3
id17,141,447040,8110,3,3
id17,141,447052,8130,3,3
id17,141,447055,8120,4,3
id17,141,447057,8120,4,3
id17,141,447059,8110,3,3
id17,141,447059,8130,3,3
id17,141,447063,8120,4,3
id17,141,488052,8110,3,3
id17,141,488052,8130,3,3
id17,141,488052,8120,4,3
id17,141,488071,8120,4,3
id17,141,488088,8110,3,3
id17,141,488088,8130,3,3
id17,141,439032,8110,3,3
id17,141,439033,8120,4,3
id17,141,439038,8120,4,3
id17,141,439056,8130,3,3
id17,141,480042,8130,3,3
id17,141,480042,8120,4,3
id17,141,480046,8110,3,3
id17,141,480048,8120,4,3
id17,141,480061,8110,3,3
id17,141,431029,8130,3,3
id17,141,431031,8120,4,3
id17,141,472014,8130,3,3
id17,141,472019,8130,3,3
id17,141,472022,8130,3,3
id17,141,472037,8120,4,3
id17,141,472045,8110,3,3
id17,141,464055,8110,3,3
id17,141,464059,8120,4,3
id17,141,456043,8130,3,3
id17,141,456053,8120,4,3
id17,141,448019,8130,3,3
id17,141,448027,8130,3,3
id17,141,448056,8110,3,3
id17,141,489065,8130,3,3
id17,141,489083,8120,4,3
id17,141,489088,8130,3,3
id17,141,489089,8120,4,3
id17,141,440012,8110,3,3
id17,141,440026,8130,3,3
id17,141,440039,8130,3,3
id17,141,440047,8110,3,3
id17,141,440053,8130,3,3
id17,141,440054,8130,3,3
id17,141,440057,8120,4,3
id17,141,440060,8130,3,3
id17,141,481055,8110,3,3
id17,141,473022,8120,4,3
id17,141,473043,8120,4,3
id17,141,473048,8120,4,3
id17,141,473052,8130,3,3
id17,141,473056,8120,4,3
id17,141,465015,8130,3,3
id17,141,465015,8120,4,3
id17,141,465026,8130,3,3
id17,141,465028,8120,4,3
id17,141,465034,8110,3,3
id17,141,465038,8120,4,3
id17,141,465061,8130,3,3
id17,141,457027,8130,3,3
id17,141,457033,8110,3,3
id17,141,457037,8110,3,3
id17,141,449018,8120,4,3
id17,141,449058,8130,3,3
id17,141,449064,8120,4,3
id17,141,490059,8110,3,3
id17,141,490059,8130,3,3
id17,141,490066,8110,3,3
id17,141,490070,8120,4,3
id17,141,490077,8110,3,3
id17,141,490089,8130,3,3
id17,141,490090,8120,4,3
id17,141,441018,8120,4,3
id17,141,441033,8130,3,3
id17,141,441048,8120,4,3
id17,141,441052,8110,3,3
id17,141,482055,8120,4,3
id17,141,482059,8120,4,3
id17,141,482065,8130,3,3
id17,141,482069,8120,4,3
id17,141,433026,8110,3,3
id17,141,433026,8130,3,3
id17,141,433044,8130,3,3
id17,141,433048,8120,4,3
id17,141,474048,8110,3,3
id17,141,474058,8130,3,3
id17,141,474060,8110,3,3
id17,141,474060,8130,3,3
id17,141,466016,8110,3,3
id17,141,466025,8130,3,3
id17,141,466040,8110,3,3
id17,141,466042,8120,4,3
id17,141,466045,8130,3,3
id17,141,466047,8110,3,3
id17,141,466047,8130,3,3
id17,141,466047,8120,4,3
id17,141,458016,8120,4,3
id17,141,458018,8110,3,3
id17,141,458020,8110,3,3
id17,141,458052,8120,4,3
id17,141,458057,8130,3,3
id17,141,450011,8110,3,3
id17,141,450011,8130,3,3
id17,141,450026,8110,3,3
id17,141,450040,8130,3,3
id17,141,450044,8120,4,3
id17,141,450058,8110,3,3
id17,141,450059,8120,4,3
id17,141,491065,8130,3,3
id17,141,491080,8120,4,3
id17,141,491088,8120,4,3
id17,141,491090,8120,4,3
id17,141,442022,8130,3,3
id17,141,442039,8110,3,3
id17,141,442042,8120,4,3
id17,141,442054,8130,3,3
id17,141,442054,8120,4,3
id17,141,483059,8110,3,3
id17,141,483059,8130,3,3
id17,141,483064,8120,4,3
id17,141,434025,8110,3,3
id17,141,434044,8120,4,3
id17,141,434047,8130,3,3
id17,141,434048,8120,4,3
id17,141,434054,8130,3,3
id17,141,434054,8120,4,3
id17,141,475048,8130,3,3
id17,141,475048,8120,4,3
id17,141,475067,8130,3,3
id17,142,426030,6130,4,3
id17,142,426035,6110,3,3
id17,142,426047,6120,3,3
id17,142,426051,6120,3,3
id17,142,426054,6130,4,3
id17,142,328091,6120,3,3
id17,142,328095,6110,3,3
id17,142,328098,6130,4,3
id17,142,328102,6130,4,3
id17,142,328122,6130,4,3
id17,142,328122,6110,3,3
id17,142,328126,6130,4,3
id17,142,328130,6130,4,3
id17,142,361031,6110,3,3
id17,142,361034,6110,3,3
id17,142,361038,6110,3,3
id17,142,361042,6110,3,3
id17,142,361042,6120,3,3
id17,142,361120,6120,3,3
id17,142,361121,6130,4,3
id17,142,361130,6110,3,3
id17,142,361132,6130,4,3
id17,142,361134,6130,4,3
id17,142,361138,6120,3,3
id17,142,361144,6130,4,3
id17,142,361145,6120,3,3
id17,142,361151,6130,4,3
id17,142,361168,6130,4,3
id17,142,394040,6130,4,3
id17,142,394054,6130,4,3
id17,142,394054,6110,3,3
id17,142,394054,6120,3,3
id17,142,427022,6130,4,3
id17,142,427028,6130,4,3
id17,142,427030,6110,3,3
id17,142,427030,6120,3,3
id17,142,427050,6130,4,3
id17,142,329093,6120,3,3
id17,142,329099,6110,3,3
id17,142,329102,6120,3,3
id17,142,329119,6120,3,3
id17,142,329122,6130,4,3
id17,142,329128,6130,4,3
id17,142,329130,6110,3,3
id17,142,329132,6110,3,3
id17,142,362021,6120,3,3
id17,142,362124,6120,3,3
id17,142,362133,6130,4,3
id17,142,362137,6110,3,3
id17,142,362141,6120,3,3
id17,142,362146,6120,3,3
id17,142,362156,6120,3,3
id17,142,395036,6130,4,3
id17,142,395059,6120,3,3
id17,142,395117,6110,3,3
id17,142,395117,6120,3,3
id17,142,428024,6120,3,3
id17,142,330099,6110,3,3
id17,142,330101,6130,4,3
id17,142,330128,6110,3,3
id17,142,363020,6110,3,3
id17,142,363021,6120,3,3
id17,142,363039,6120,3,3
id17,142,363122,6110,3,3
id17,142,363143,6130,4,3
id17,142,363143,6110,3,3
id17,142,363159,6130,4,3
id17,142,396030,6130,4,3
id17,142,396036,6110,3,3
id17,142,396039,6130,4,3
id17,142,396044,6110,3,3
id17,142,396049,6110,3,3
id17,142,396049,6120,3,3
id17,142,429050,6120,3,3
id17,142,429061,6130,4,3
id17,142,429061,6110,3,3
id17,142,462077,6120,3,3
id17,142,331103,6120,3,3
id17,142,331106,6130,4,3
id17,142,331106,6110,3,3
id17,142,331106,6120,3,3
id17,142,331111,6130,4,3
id17,142,331123,6120,3,3
id17,142,331126,6110,3,3
id17,142,331126,6120,3,3
id17,142,331128,6130,4,3
id17,142,364037,6130,4,3
id17,142,364135,6130,4,3
id17,142,364141,6130,4,3
id17,142,364143,6130,4,3
id17,142,364152,6130,4,3
id17,142,364157,6120,3,3
id17,142,364165,6120,3,3
id17,142,397026,6110,3,3
id17,142,397030,6130,4,3
id17,142,397032,6120,3,3
id17,142,397036,6110,3,3
id17,142,397046,6110,3,3
id17,142,397052,6130,4,3
id17,142,430035,6120,3,3
id17,142,430037,6130,4,3
id17,142,430043,6110,3,3
id17,142,430060,6130,4,3
id17,142,430066,6110,3,3
id17,142,463078,6120,3,3
id17,142,332103,6130,4,3
id17,142,332113,6120,3,3
id17,142,332127,6130,4,3
id17,142,365036,6120,3,3
id17,142,365126,6130,4,3
id17,142,365129,6110,3,3
id17,142,365158,6130,4,3
id17,142,365165,6130,4,3
id17,142,398034,6110,3,3
id17,142,398034,6120,3,3
id17,142,398037,6130,4,3
id17,142,398115,6120,3,3
id17,142,431033,6110,3,3
id17,142,431043,6110,3,3
id17,142,431045,6110,3,3
id17,142,431047,6130,4,3
id17,142,431050,6120,3,3
id17,142,431064,6110,3,3
id17,142,431067,6110,3,3
id17,142,464076,6110,3,3
id17,142,333093,6120,3,3
id17,142,333099,6130,4,3
id17,142,333101,6120,3,3
id17,142,333103,6120,3,3
id17,142,333107,6110,3,3
id17,142,333108,6130,4,3
id17,142,333116,6130,4,3
id17,142,366034,6130,4,3
id17,142,366034,6110,3,3
id17,142,366036,6120,3,3
id17,142,366038,6110,3,3
id17,142,366122,6120,3,3
id17,142,366127,6130,4,3
id17,142,366147,6110,3,3
id17,142,366153,6110,3,3
id17,142,366164,6120,3,3
id17,142,366168,6120,3,3
id17,142,399029,6110,3,3
id17,142,399043,6130,4,3
id17,142,399045,6110,3,3
id17,142,399055,6110,3,3
id17,142,399055,6120,3,3
id17,142,399056,6130,4,3
id17,142,399114,6110,3,3
id17,142,432064,6120,3,3
id17,142,465073,6110,3,3
id17,142,465077,6130,4,3
id17,142,465081,6130,4,3
id17,142,465086,6130,4,3
id17,142,334094,6110,3,3
id17,142,334096,6120,3,3
id17,142,334110,6110,3,3
id17,142,334113,6110,3,3
id17,142,367018,6120,3,3
id17,142,367022,6120,3,3
id17,142,367039,6130,4,3
id17,142,367117,6120,3,3
id17,142,367126,6120,3,3
id17,142,367130,6130,4,3
id17,142,367134,6130,4,3
id17,142,367136,6130,4,3
id17,142,367154,6110,3,3
id17,142,367163,6120,3,3
id17,142,400035,6120,3,3
id17,142,400041,6120,3,3
id17,142,400045,6110,3,3
id17,142,400100,6110,3,3
id17,142,400115,6120,3,3
id17,142,400117,6120,3,3
id17,142,433059,6130,4,3
id17,142,433063,6110,3,3
id17,142,433063,6120,3,3
id17,142,433077,6130,4,3
id17,142,466075,6130,4,3
id17,142,335106,6120,3,3
id17,142,335110,6130,4,3
id17,142,368023,6120,3,3
id17,142,368025,6130,4,3
id17,142,368031,6130,4,3
id17,142,368035,6130,4,3
id17,142,368039,6120,3,3
id17,142,368043,6130,4,3
id17,142,368105,6130,4,3
id17,142,368119,6120,3,3
id17,142,368125,6130,4,3
id17,142,368135,6130,4,3
id17,142,368145,6130,4,3
id17,142,368152,6130,4,3
id17,142,368152,6110,3,3
id17,142,368159,6110,3,3
id17,142,401030,6110,3,3
id17,142,401049,6130,4,3
id17,142,434036,6130,4,3
id17,142,434040,6120,3,3
id17,142,434084,6130,4,3
id17,142,336096,6130,4,3
id17,142,336096,6110,3,3
id17,142,336103,6130,4,3
id17,142,336104,6110,3,3
id17,142,336104,6120,3,3
id17,142,369028,6110,3,3
id17,142,369041,6130,4,3
id17,142,369045,6130,4,3
id17,142,369047,6130,4,3
id17,142,369119,6130,4,3
id17,142,369122,6120,3,3
id17,142,369144,6130,4,3
id17,142,369153,6130,4,3
id17,142,369155,6110,3,3
id17,142,369163,6120,3,3
id17,142,369169,6110,3,3
id17,142,402026,6120,3,3
id17,142,402034,6120,3,3
id17,142,402042,6110,3,3
id17,142,402057,6120,3,3
id17,142,402096,6110,3,3
id17,142,435074,6130,4,3
id17,142,435083,6110,3,3
id17,142,337086,6120,3,3
id17,142,337095,6120,3,3
id17,142,337101,6130,4,3
id17,142,337101,6110,3,3
id17,142,337103,6120,3,3
id17,142,337105,6120,3,3
id17,142,337109,6130,4,3
id17,142,370020,6120,3,3
id17,142,370026,6110,3,3
id17,142,370032,6120,3,3
id17,142,370038,6120,3,3
id17,142,370041,6120,3,3
id17,142,370047,6120,3,3
id17,142,370103,6130,4,3
id17,142,370111,6110,3,3
id17,142,370115,6130,4,3
id17,142,370121,6130,4,3
id17,142,370128,6130,4,3
id17,142,370144,6110,3,3
id17,142,370149,6110,3,3
id17,142,370157,6130,4,3
id17,142,370161,6120,3,3
id17,142,370163,6120,3,3
id17,142,370166,6130,4,3
id17,142,403033,6130,4,3
id17,142,403045,6130,4,3
id17,142,403045,6110,3,3
id17,142,403053,6120,3,3
id17,142,436059,6120,3,3
id17,142,436063,6130,4,3
id17,142,436066,6120,3,3
id17,142,436082,6110,3,3
id17,142,436082,6120,3,3
id17,142,469083,6130,4,3
id17,142,469083,6110,3,3
id17,142,338087,6130,4,3
id17,142,338087,6110,3,3
id17,142,338091,6120,3,3
id17,142,338098,6120,3,3
id17,142,338103,6110,3,3
id17,142,371019,6110,3,3
id17,142,371022,6130,4,3
id17,142,371026,6130,4,3
id17,142,371030,6110,3,3
id17,142,371033,6120,3,3
id17,142,371040,6130,4,3
id17,142,371042,6110,3,3
id17,142,371057,6130,4,3
id17,142,371088,6120,3,3
id17,142,371100,6110,3,3
id17,142,371106,6120,3,3
id17,142,371110,6120,3,3
id17,142,371112,6110,3,3
id17,142,371114,6130,4,3
id17,142,371118,6130,4,3
id17,142,371133,6130,4,3
id17,142,371138,6110,3,3
id17,142,371158,6110,3,3
id17,142,371163,6110,3,3
id17,142,371178,6110,3,3
id17,142,371181,6110,3,3
id17,142,404025,6110,3,3
id17,142,404035,6110,3,3
id17,142,404035,6120,3,3
id17,142,404043,6110,3,3
id17,142,404054,6110,3,3
id17,142,437065,6120,3,3
id17,142,437083,6120,3,3
id17,142,437085,6120,3,3
id17,142,470080,6130,4,3
id17,142,339101,6120,3,3
id17,142,339102,6130,4,3
id17,142,339115,6110,3,3
id17,142,372021,6110,3,3
id17,142,372022,6110,3,3
id17,142,372051,6130,4,3
id17,142,372057,6130,4,3
id17,142,372109,6110,3,3
id17,142,372111,6120,3,3
id17,142,372113,6120,3,3
id17,142,372117,6120,3,3
id17,142,372120,6130,4,3
id17,142,372142,6130,4,3
id17,142,372147,6110,3,3
id17,142,372154,6120,3,3
id17,142,372181,6110,3,3
id17,142,405029,6130,4,3
id17,142,405037,6110,3,3
id17,142,405042,6120,3,3
id17,142,405050,6120,3,3
id17,142,405054,6130,4,3
id17,142,438060,6130,4,3
id17,142,471080,6130,4,3
id17,142,471100,6130,4,3
id17,142,340105,6120,3,3
id17,142,340107,6110,3,3
id17,142,340109,6130,4,3
id17,142,373018,6120,3,3
id17,142,373020,6120,3,3
id17,142,373024,6130,4,3
id17,142,373049,6120,3,3
id17,142,373053,6120,3,3
id17,142,373055,6120,3,3
id17,142,373098,6130,4,3
id17,142,373104,6130,4,3
id17,142,373115,6130,4,3
id17,142,373121,6130,4,3
id17,142,373123,6110,3,3
id17,142,373123,6120,3,3
id17,142,373125,6110,3,3
id17,142,373127,6130,4,3
id17,142,373144,6110,3,3
id17,142,373144,6120,3,3
id17,142,373166,6120,3,3
id17,142,406027,6130,4,3
id17,142,406038,6130,4,3
id17,142,406043,6110,3,3
id17,142,406050,6130,4,3
id17,142,439071,6130,4,3
id17,142,439079,6120,3,3
id17,142,472069,6130,4,3
id17,142,472076,6130,4,3
id17,142,472078,6110,3,3
id17,142,472078,6120,3,3
id17,142,472098,6110,3,3
id17,142,341088,6120,3,3
id17,142,341092,6130,4,3
id17,142,341092,6110,3,3
id17,142,341105,6130,4,3
id17,142,341113,6120,3,3
id17,142,341117,6110,3,3
id17,142,374023,6120,3,3
id17,142,374026,6110,3,3
id17,142,374033,6110,3,3
id17,142,374034,6130,4,3
id17,142,374037,6120,3,3
id17,142,374043,6130,4,3
id17,142,374045,6120,3,3
id17,142,374059,6110,3,3
id17,142,374083,6120,3,3
id17,142,374085,6110,3,3
id17,142,374114,6120,3,3
id17,142,374115,6120,3,3
id17,142,374124,6130,4,3
id17,142,374143,6120,3,3
id17,142,374156,6130,4,3
id17,142,374157,6110,3,3
id17,142,440065,6110,3,3
id17,142,440078,6130,4,3
id17,142,440082,6110,3,3
id17,142,473075,6110,3,3
id17,142,473091,6130,4,3
id17,142,342093,6120,3,3
id17,142,342097,6130,4,3
id17,142,342101,6120,3,3
id17,142,342114,6130,4,3
id17,142,375019,6110,3,3
id17,142,375020,6130,4,3
id17,142,375024,6130,4,3
id17,142,375033,6130,4,3
id17,142,375033,6110,3,3
id17,142,375037,6120,3,3
id17,142,375039,6110,3,3
id17,142,375046,6130,4,3
id17,142,375083,6120,3,3
id17,142,375103,6110,3,3
id17,142,375123,6130,4,3
id17,142,375123,6110,3,3
id17,142,375127,6120,3,3
id17,142,375130,6110,3,3
id17,142,375139,6130,4,3
id17,142,375143,6130,4,3
id17,142,375147,6130,4,3
id17,142,375158,6110,3,3
id17,142,375161,6130,4,3
id17,142,375169,6130,4,3
id17,142,375181,6110,3,3
id17,142,375181,6120,3,3
id17,142,408031,6130,4,3
id17,142,408034,6110,3,3
id17,142,408036,6120,3,3
id17,142,408053,6130,4,3
id17,142,408057,6130,4,3
id17,142,441066,6120,3,3
id17,142,441076,6130,4,3
id17,142,474078,6130,4,3
id17,142,474084,6110,3,3
id17,142,474089,6130,4,3
id17,142,474093,6130,4,3
id17,142,474101,6110,3,3
id17,142,474102,6130,4,3
id17,142,343088,6120,3,3
id17,142,343094,6110,3,3
id17,142,343101,6120,3,3
id17,142,343107,6120,3,3
id17,142,343109,6130,4,3
id17,142,343114,6120,3,3
id17,142,376025,6120,3,3
id17,142,376028,6130,4,3
id17,142,376029,6120,3,3
id17,142,376036,6120,3,3
id17,142,376038,6110,3,3
id17,142,376038,6120,3,3
id17,142,376045,6110,3,3
id17,142,376046,6130,4,3
id17,142,376054,6130,4,3
id17,142,376057,6130,4,3
id17,142,376057,6110,3,3
id17,142,376101,6130,4,3
id17,142,376148,6110,3,3
id17,142,409025,6120,3,3
id17,142,409035,6130,4,3
id17,142,409039,6130,4,3
id17,142,409053,6110,3,3
id17,142,442066,6130,4,3
id17,142,442074,6130,4,3
id17,142,442078,6130,4,3
id17,142,442078,6110,3,3
id17,142,475084,6130,4,3
id17,142,475098,6110,3,3
id17,142,475098,6120,3,3
id17,142,475102,6130,4,3
id17,142,475104,6110,3,3
id17,142,344087,6120,3,3
id17,142,344089,6130,4,3
id17,142,344091,6120,3,3
id17,142,344097,6110,3,3
id17,142,344114,6130,4,3
id17,142,377026,6130,4,3
id17,142,377030,6130,4,3
id17,142,377055,6130,4,3
id17,142,377057,6120,3,3
id17,142,377084,6110,3,3
id17,142,377085,6130,4,3
id17,142,377092,6120,3,3
id17,142,377110,6120,3,3
id17,142,377125,6130,4,3
id17,142,377127,6130,4,3
id17,142,377142,6130,4,3
id17,142,377149,6130,4,3
id17,142,377154,6130,4,3
id17,142,377156,6130,4,3
id17,142,377161,6120,3,3
id17,142,377171,6130,4,3
id17,142,377176,6120,3,3
id17,142,377177,6110,3,3
id17,142,377178,6130,4,3
id17,142,410027,6130,4,3
id17,142,410029,6120,3,3
id17,142,410032,6130,4,3
id17,142,410043,6120,3,3
id17,142,443067,6120,3,3
id17,142,443071,6110,3,3
id17,142,443071,6120,3,3
id17,142,443073,6110,3,3
id17,142,476073,6110,3,3
id17,142,476083,6130,4,3
id17,142,476098,6110,3,3
id17,142,476100,6120,3,3
id17,142,476105,6110,3,3
id17,142,345088,6130,4,3
id17,142,345102,6130,4,3
id17,142,345108,6110,3,3
id17,142,345111,6130,4,3
id17,142,345143,6130,4,3
id17,142,378022,6110,3,3
id17,142,378030,6130,4,3
id17,142,378033,6110,3,3
id17,142,378039,6130,4,3
id17,142,378074,6110,3,3
id17,142,378095,6130,4,3
id17,142,378133,6130,4,3
id17,142,378135,6130,4,3
id17,142,378143,6110,3,3
id17,142,378143,6120,3,3
id17,142,378144,6120,3,3
id17,142,378162,6130,4,3
id17,142,378168,6120,3,3
id17,142,378172,6120,3,3
id17,142,378174,6130,4,3
id17,142,378176,6130,4,3
id17,142,378185,6130,4,3
id17,142,378185,6110,3,3
id17,142,411029,6120,3,3
id17,142,411035,6130,4,3
id17,142,411036,6130,4,3
id17,142,411048,6120,3,3
id17,142,411056,6120,3,3
id17,142,411057,6120,3,3
id17,142,411061,6130,4,3
id17,142,477072,6120,3,3
id17,142,477081,6120,3,3
id17,142,346087,6130,4,3
id17,142,346088,6130,4,3
id17,142,346088,6110,3,3
id17,142,346092,6130,4,3
id17,142,346094,6110,3,3
id17,142,346096,6130,4,3
id17,142,346102,6130,4,3
id17,142,346110,6110,3,3
id17,142,346110,6120,3,3
id17,142,346143,6120,3,3
id17,142,379020,6130,4,3
id17,142,379021,6130,4,3
id17,142,379054,6110,3,3
id17,142,379105,6130,4,3
id17,142,379109,6130,4,3
id17,142,379118,6110,3,3
id17,142,379121,6120,3,3
id17,142,379137,6130,4,3
id17,142,379155,6130,4,3
id17,142,379160,6120,3,3
id17,142,379175,6110,3,3
id17,142,412025,6130,4,3
id17,142,412056,6130,4,3
id17,142,445068,6120,3,3
id17,142,445072,6130,4,3
id17,142,445075,6130,4,3
id17,142,478083,6110,3,3
id17,142,478105,6120,3,3
id17,142,347103,6110,3,3
id17,142,347105,6130,4,3
id17,142,347138,6110,3,3
id17,142,380021,6120,3,3
id17,142,380025,6110,3,3
id17,142,380027,6130,4,3
id17,142,380034,6120,3,3
id17,142,380048,6110,3,3
id17,142,380078,6120,3,3
id17,142,380089,6110,3,3
id17,142,380113,6130,4,3
id17,142,380120,6130,4,3
id17,142,380131,6130,4,3
id17,142,380132,6110,3,3
id17,142,380141,6130,4,3
id17,142,380152,6130,4,3
id17,142,380154,6130,4,3
id17,142,380159,6130,4,3
id17,142,380160,6130,4,3
id17,142,380169,6120,3,3
id17,142,380171,6110,3,3
id17,142,380180,6130,4,3
id17,142,380186,6130,4,3
id17,142,380188,6130,4,3
id17,142,413036,6130,4,3
id17,142,413036,6110,3,3
id17,142,413040,6110,3,3
id17,142,446068,6130,4,3
id17,142,479096,6120,3,3
id17,142,479105,6120,3,3
id17,142,348087,6120,3,3
id17,142,348092,6110,3,3
id17,142,348097,6120,3,3
id17,142,348108,6130,4,3
id17,142,381021,6120,3,3
id17,142,381023,6120,3,3
id17,142,381027,6130,4,3
id17,142,381032,6120,3,3
id17,142,381033,6120,3,3
id17,142,381060,6120,3,3
id17,142,381083,6120,3,3
id17,142,381085,6130,4,3
id17,142,381090,6130,4,3
id17,142,381093,6120,3,3
id17,142,381094,6120,3,3
id17,142,381096,6110,3,3
id17,142,381127,6130,4,3
id17,142,381131,6130,4,3
id17,142,381133,6110,3,3
id17,142,381135,6110,3,3
id17,142,381145,6110,3,3
id17,142,381145,6120,3,3
id17,142,381147,6120,3,3
id17,142,381166,6120,3,3
id17,142,381167,6110,3,3
id17,142,381170,6130,4,3
id17,142,381182,6120,3,3
id17,142,414027,6110,3,3
id17,142,414041,6120,3,3
id17,142,414042,6110,3,3
id17,142,414046,6130,4,3
id17,142,414054,6130,4,3
id17,142,414066,6130,4,3
id17,142,480096,6110,3,3
id17,142,349089,6130,4,3
id17,142,349093,6110,3,3
id17,142,349093,6120,3,3
id17,142,349111,6130,4,3
id17,142,349139,6130,4,3
id17,142,382023,6130,4,3
id17,142,382025,6120,3,3
id17,142,382034,6130,4,3
id17,142,382087,6130,4,3
id17,142,382091,6110,3,3
id17,142,382095,6130,4,3
id17,142,382122,6110,3,3
id17,142,382137,6130,4,3
id17,142,382143,6130,4,3
id17,142,382150,6130,4,3
id17,142,382150,6110,3,3
id17,142,382154,6130,4,3
id17,142,382164,6130,4,3
id17,142,382168,6130,4,3
id17,142,382168,6110,3,3
id17,142,382172,6110,3,3
id17,142,382181,6110,3,3
id17,142,415024,6130,4,3
id17,142,415035,6120,3,3
id17,142,415038,6130,4,3
id17,142,415052,6130,4,3
id17,142,415054,6120,3,3
id17,142,415057,6110,3,3
id17,142,481075,6110,3,3
id17,142,350088,6130,4,3
id17,142,350110,6120,3,3
id17,142,350137,6130,4,3
id17,142,350156,6120,3,3
id17,142,350158,6130,4,3
id17,142,383045,6120,3,3
id17,142,383060,6110,3,3
id17,142,383081,6120,3,3
id17,142,383102,6110,3,3
id17,142,383124,6130,4,3
id17,142,383126,6130,4,3
id17,142,383128,6130,4,3
id17,142,383129,6130,4,3
id17,142,383132,6120,3,3
id17,142,383152,6130,4,3
id17,142,383172,6130,4,3
id17,142,383174,6130,4,3
id17,142,383176,6120,3,3
id17,142,416031,6110,3,3
id17,142,416031,6120,3,3
id17,142,351091,6130,4,3
id17,142,351132,6120,3,3
id17,142,351152,6130,4,3
id17,142,351172,6110,3,3
id17,142,384031,6120,3,3
id17,142,384033,6120,3,3
id17,142,384044,6130,4,3
id17,142,384051,6120,3,3
id17,142,384068,6120,3,3
id17,142,384078,6110,3,3
id17,142,384103,6130,4,3
id17,142,384121,6110,3,3
id17,142,384128,6130,4,3
id17,142,384151,6130,4,3
id17,142,384177,6120,3,3
id17,142,384184,6130,4,3
id17,142,384185,6110,3,3
id17,142,417022,6120,3,3
id17,142,417025,6110,3,3
id17,142,417029,6120,3,3
id17,142,417031,6120,3,3
id17,142,417038,6110,3,3
id17,142,417038,6120,3,3
id17,142,417042,6110,3,3
id17,142,450080,6130,4,3
id17,142,450082,6130,4,3
id17,142,483078,6130,4,3
id17,142,483084,6130,4,3
id17,142,352094,6130,4,3
id17,142,352110,6130,4,3
id17,142,352136,6130,4,3
id17,142,352138,6130,4,3
id17,142,385043,6120,3,3
id17,142,385047,6110,3,3
id17,142,385048,6120,3,3
id17,142,385061,6130,4,3
id17,142,385071,6130,4,3
id17,142,385076,6110,3,3
id17,142,385091,6130,4,3
id17,142,385095,6120,3,3
id17,142,385111,6110,3,3
id17,142,385122,6130,4,3
id17,142,385126,6130,4,3
id17,142,385143,6130,4,3
id17,142,385150,6130,4,3
id17,142,385154,6120,3,3
id17,142,385158,6110,3,3
id17,142,385160,6110,3,3
id17,142,385172,6130,4,3
id17,142,385184,6130,4,3
id17,142,418029,6120,3,3
id17,142,418032,6130,4,3
id17,142,418046,6130,4,3
id17,142,418061,6120,3,3
id17,142,353089,6110,3,3
id17,142,353135,6120,3,3
id17,142,353150,6130,4,3
id17,142,353154,6110,3,3
id17,142,353160,6130,4,3
id17,142,353170,6120,3,3
id17,142,386023,6130,4,3
id17,142,386025,6130,4,3
id17,142,386029,6120,3,3
id17,142,386031,6130,4,3
id17,142,386039,6110,3,3
id17,142,386065,6130,4,3
id17,142,386078,6120,3,3
id17,142,386120,6120,3,3
id17,142,386121,6120,3,3
id17,142,386139,6130,4,3
id17,142,386139,6110,3,3
id17,142,386143,6120,3,3
id17,142,386146,6110,3,3
id17,142,386152,6120,3,3
id17,142,419029,6130,4,3
id17,142,419029,6110,3,3
id17,142,419029,6120,3,3
id17,142,419036,6110,3,3
id17,142,419043,6110,3,3
id17,142,419054,6130,4,3
id17,142,419069,6120,3,3
id17,142,354021,6120,3,3
id17,142,354128,6130,4,3
id17,142,354138,6120,3,3
id17,142,354148,6110,3,3
id17,142,354149,6110,3,3
id17,142,354150,6130,4,3
id17,142,354150,6110,3,3
id17,142,354169,6110,3,3
id17,142,354169,6120,3,3
id17,142,387025,6130,4,3
id17,142,387025,6110,3,3
id17,142,387036,6110,3,3
id17,142,387048,6120,3,3
id17,142,387096,6120,3,3
id17,142,387099,6110,3,3
id17,142,387104,6130,4,3
id17,142,387111,6120,3,3
id17,142,387112,6130,4,3
id17,142,387122,6130,4,3
id17,142,387133,6120,3,3
id17,142,387139,6130,4,3
id17,142,387141,6130,4,3
id17,142,420023,6130,4,3
id17,142,420033,6120,3,3
id17,142,420036,6110,3,3
id17,142,420037,6120,3,3
id17,142,420045,6120,3,3
id17,142,420049,6110,3,3
id17,142,420056,6130,4,3
id17,142,420060,6130,4,3
id17,142,322120,6120,3,3
id17,142,355046,6120,3,3
id17,142,355126,6110,3,3
id17,142,355129,6130,4,3
id17,142,355173,6120,3,3
id17,142,388031,6130,4,3
id17,142,388034,6110,3,3
id17,142,388043,6130,4,3
id17,142,388046,6130,4,3
id17,142,388048,6120,3,3
id17,142,388054,6130,4,3
id17,142,388056,6110,3,3
id17,142,388056,6120,3,3
id17,142,388074,6130,4,3
id17,142,388113,6130,4,3
id17,142,388114,6120,3,3
id17,142,388148,6110,3,3
id17,142,388150,6120,3,3
id17,142,388153,6120,3,3
id17,142,388155,6120,3,3
id17,142,388159,6110,3,3
id17,142,421026,6130,4,3
id17,142,421032,6130,4,3
id17,142,454067,6130,4,3
id17,142,454071,6110,3,3
id17,142,454071,6120,3,3
id17,142,323099,6120,3,3
id17,142,487081,6130,4,3
id17,142,487081,6110,3,3
id17,142,487089,6130,4,3
id17,142,487093,6130,4,3
id17,142,356036,6110,3,3
id17,142,356125,6130,4,3
id17,142,356126,6130,4,3
id17,142,356140,6120,3,3
id17,142,356149,6130,4,3
id17,142,356151,6130,4,3
id17,142,356161,6110,3,3
id17,142,356173,6120,3,3
id17,142,356175,6130,4,3
id17,142,389035,6120,3,3
id17,142,389037,6130,4,3
id17,142,389041,6120,3,3
id17,142,389050,6130,4,3
id17,142,389068,6130,4,3
id17,142,389082,6110,3,3
id17,142,389099,6130,4,3
id17,142,389135,6130,4,3
id17,142,389146,6130,4,3
id17,142,389148,6120,3,3
id17,142,389150,6130,4,3
id17,142,389158,6130,4,3
id17,142,389163,6110,3,3
id17,142,422022,6110,3,3
id17,142,422022,6120,3,3
id17,142,422029,6130,4,3
id17,142,422032,6130,4,3
id17,142,422032,6110,3,3
id17,142,422040,6130,4,3
id17,142,422059,6110,3,3
id17,142,422069,6120,3,3
id17,142,488080,6130,4,3
id17,142,357037,6130,4,3
id17,142,357041,6110,3,3
id17,142,357041,6120,3,3
id17,142,357045,6130,4,3
id17,142,357144,6110,3,3
id17,142,357155,6130,4,3
id17,142,357160,6130,4,3
id17,142,357172,6120,3,3
id17,142,390053,6120,3,3
id17,142,390066,6130,4,3
id17,142,390083,6130,4,3
id17,142,390099,6120,3,3
id17,142,390122,6120,3,3
id17,142,390129,6130,4,3
id17,142,390131,6130,4,3
id17,142,390158,6120,3,3
id17,142,423030,6110,3,3
id17,142,423036,6110,3,3
id17,142,423036,6120,3,3
id17,142,423053,6110,3,3
id17,142,423057,6110,3,3
id17,142,325093,6120,3,3
id17,142,325100,6120,3,3
id17,142,325104,6130,4,3
id17,142,358029,6130,4,3
id17,142,358029,6110,3,3
id17,142,358039,6120,3,3
id17,142,358042,6130,4,3
id17,142,358137,6120,3,3
id17,142,358141,6130,4,3
id17,142,358141,6110,3,3
id17,142,358143,6130,4,3
id17,142,358168,6130,4,3
id17,142,358176,6110,3,3
id17,142,391028,6110,3,3
id17,142,391031,6110,3,3
id17,142,391038,6120,3,3
id17,142,391053,6130,4,3
id17,142,391061,6120,3,3
id17,142,391065,6130,4,3
id17,142,391079,6130,4,3
id17,142,391098,6130,4,3
id17,142,391100,6130,4,3
id17,142,391100,6110,3,3
id17,142,391104,6130,4,3
id17,142,391119,6120,3,3
id17,142,391130,6130,4,3
id17,142,391134,6130,4,3
id17,142,391146,6130,4,3
id17,142,391161,6120,3,3
id17,142,424027,6130,4,3
id17,142,424039,6110,3,3
id17,142,424042,6120,3,3
id17,142,424043,6130,4,3
id17,142,424051,6110,3,3
id17,142,457068,6130,4,3
id17,142,326095,6130,4,3
id17,142,326098,6130,4,3
id17,142,359129,6130,4,3
id17,142,359137,6120,3,3
id17,142,359150,6130,4,3
id17,142,359156,6130,4,3
id17,142,359157,6120,3,3
id17,142,359165,6110,3,3
id17,142,392027,6130,4,3
id17,142,392041,6120,3,3
id17,142,392045,6130,4,3
id17,142,392048,6120,3,3
id17,142,392054,6110,3,3
id17,142,392054,6120,3,3
id17,142,392065,6120,3,3
id17,142,392123,6110,3,3
id17,142,392126,6130,4,3
id17,142,392129,6130,4,3
id17,142,392143,6110,3,3
id17,142,392159,6110,3,3
id17,142,425026,6110,3,3
id17,142,425037,6130,4,3
id17,142,327101,6130,4,3
id17,142,327116,6130,4,3
id17,142,327120,6110,3,3
id17,142,327126,6110,3,3
id17,142,327129,6120,3,3
id17,142,360013,6130,4,3
id17,142,360046,6130,4,3
id17,142,360120,6120,3,3
id17,142,360123,6120,3,3
id17,142,360124,6130,4,3
id17,142,360133,6120,3,3
id17,142,360141,6110,3,3
id17,142,360144,6130,4,3
id17,142,360153,6120,3,3
id17,142,360157,6130,4,3
id17,142,360159,6130,4,3
id17,142,360160,6110,3,3
id17,142,360167,6120,3,3
id17,142,393039,6130,4,3
id17,142,393039,6110,3,3
id17,142,393099,6110,3,3
id17,142,393101,6120,3,3
id17,143,393226,5120,3,3
id17,143,426076,5110,3,3
id17,143,426076,5130,3,3
id17,143,344235,5130,3,3
id17,143,385208,5120,3,3
id17,143,418073,5130,3,3
id17,143,418077,5120,3,3
id17,143,418102,5110,3,3
id17,143,418108,5120,3,3
id17,143,336219,5130,3,3
id17,143,336221,5130,3,3
id17,143,377195,5110,3,3
id17,143,377198,5130,3,3
id17,143,377201,5130,3,3
id17,143,377203,5120,3,3
id17,143,377206,5120,3,3
id17,143,377206,5110,3,3
id17,143,377207,5110,3,3
id17,143,377212,5120,3,3
id17,143,410077,5130,3,3
id17,143,410081,5120,3,3
id17,143,328212,5120,3,3
id17,143,328222,5120,3,3
id17,143,369230,5120,3,3
id17,143,369235,5110,3,3
id17,143,402075,5110,3,3
id17,143,443086,5130,3,3
id17,143,361221,5120,3,3
id17,143,361226,5110,3,3
id17,143,361232,5110,3,3
id17,143,361233,5110,3,3
id17,143,394132,5110,3,3
id17,143,344218,5110,3,3
id17,143,394143,5120,3,3
id17,143,394158,5110,3,3
id17,143,467101,5110,3,3
id17,143,353216,5110,3,3
id17,143,353222,5130,3,3
id17,143,353229,5120,3,3
id17,143,353231,5110,3,3
id17,143,396130,5120,3,3
id17,143,396130,5110,3,3
id17,143,314213,5120,3,3
id17,143,314215,5120,3,3
id17,143,386205,5120,3,3
id17,143,386206,5120,3,3
id17,143,386233,5110,3,3
id17,143,386234,5110,3,3
id17,143,386241,5130,3,3
id17,143,337221,5130,3,3
id17,143,378200,5120,3,3
id17,143,378208,5110,3,3
id17,143,378212,5120,3,3
id17,143,378212,5110,3,3
id17,143,340201,5130,3,3
id17,143,378239,5120,3,3
id17,143,411078,5110,3,3
id17,143,411097,5120,3,3
id17,143,411101,5130,3,3
id17,143,463101,5110,3,3
id17,143,329221,5120,3,3
id17,143,370194,5120,3,3
id17,143,370196,5120,3,3
id17,143,370202,5120,3,3
id17,143,370202,5110,3,3
id17,143,370210,5120,3,3
id17,143,370210,5130,3,3
id17,143,370244,5110,3,3
id17,143,403085,5130,3,3
id17,143,403118,5130,3,3
id17,143,403120,5130,3,3
id17,143,321213,5110,3,3
id17,143,362218,5120,3,3
id17,143,362236,5120,3,3
id17,143,362240,5130,3,3
id17,143,395125,5120,3,3
id17,143,395128,5120,3,3
id17,143,436109,5130,3,3
id17,143,395150,5110,3,3
id17,143,395155,5120,3,3
id17,143,395160,5130,3,3
id17,143,395163,5130,3,3
id17,143,354219,5130,3,3
id17,143,395231,5110,3,3
id17,143,395233,5130,3,3
id17,143,351227,5130,3,3
id17,143,474109,5120,3,3
id17,143,377190,5120,3,3
id17,143,387204,5120,3,3
id17,143,387208,5110,3,3
id17,143,387234,5130,3,3
id17,143,387236,5120,3,3
id17,143,387241,5120,3,3
id17,143,420076,5120,3,3
id17,143,420080,5130,3,3
id17,143,338203,5120,3,3
id17,143,338224,5120,3,3
id17,143,379193,5130,3,3
id17,143,379195,5120,3,3
id17,143,379199,5110,3,3
id17,143,379212,5120,3,3
id17,143,379233,5130,3,3
id17,143,379236,5120,3,3
id17,143,379241,5110,3,3
id17,143,379241,5130,3,3
id17,143,412077,5110,3,3
id17,143,412080,5130,3,3
id17,143,412098,5110,3,3
id17,143,412102,5110,3,3
id17,143,330212,5130,3,3
id17,143,446085,5130,3,3
id17,143,404074,5130,3,3
id17,143,404094,5130,3,3
id17,143,404096,5120,3,3
id17,143,404101,5130,3,3
id17,143,404117,5120,3,3
id17,143,322212,5110,3,3
id17,143,322214,5130,3,3
id17,143,363220,5120,3,3
id17,143,396127,5130,3,3
id17,143,396150,5130,3,3
id17,143,355235,5120,3,3
id17,143,467103,5130,3,3
id17,143,396227,5110,3,3
id17,143,396231,5120,3,3
id17,143,473106,5120,3,3
id17,143,343218,5110,3,3
id17,143,343221,5110,3,3
id17,143,343221,5130,3,3
id17,143,347227,5120,3,3
id17,143,347235,5110,3,3
id17,143,388205,5120,3,3
id17,143,388230,5110,3,3
id17,143,388234,5130,3,3
id17,143,339197,5130,3,3
id17,143,339208,5130,3,3
id17,143,313219,5120,3,3
id17,143,380198,5130,3,3
id17,143,380202,5130,3,3
id17,143,380205,5120,3,3
id17,143,380206,5110,3,3
id17,143,380225,5110,3,3
id17,143,380227,5110,3,3
id17,143,380227,5130,3,3
id17,143,384233,5120,3,3
id17,143,384233,5110,3,3
id17,143,413080,5130,3,3
id17,143,331215,5120,3,3
id17,143,331220,5130,3,3
id17,143,331228,5130,3,3
id17,143,372196,5120,3,3
id17,143,372199,5110,3,3
id17,143,372236,5120,3,3
id17,143,372238,5120,3,3
id17,143,372243,5120,3,3
id17,143,372244,5130,3,3
id17,143,405073,5110,3,3
id17,143,405104,5110,3,3
id17,143,462099,5130,3,3
id17,143,364208,5130,3,3
id17,143,364230,5110,3,3
id17,143,364231,5130,3,3
id17,143,364235,5120,3,3
id17,143,417074,5120,3,3
id17,143,315212,5110,3,3
id17,143,315212,5130,3,3
id17,143,315218,5110,3,3
id17,143,356212,5130,3,3
id17,143,356222,5130,3,3
id17,143,356231,5110,3,3
id17,143,479112,5110,3,3
id17,143,356236,5110,3,3
id17,143,356238,5130,3,3
id17,143,356240,5120,3,3
id17,143,430078,5120,3,3
id17,143,430078,5130,3,3
id17,143,460110,5120,3,3
id17,143,389165,5130,3,3
id17,143,348229,5110,3,3
id17,143,389232,5120,3,3
id17,143,389236,5120,3,3
id17,143,350229,5120,3,3
id17,143,350237,5110,3,3
id17,143,473118,5130,3,3
id17,143,335226,5110,3,3
id17,143,340197,5110,3,3
id17,143,376188,5110,3,3
id17,143,340203,5110,3,3
id17,143,340205,5130,3,3
id17,143,340207,5110,3,3
id17,143,340215,5110,3,3
id17,143,340226,5110,3,3
id17,143,381203,5110,3,3
id17,143,381207,5120,3,3
id17,143,381214,5120,3,3
id17,143,381216,5110,3,3
id17,143,381233,5120,3,3
id17,143,381244,5110,3,3
id17,143,332215,5110,3,3
id17,143,332217,5130,3,3
id17,143,373189,5110,3,3
id17,143,373201,5110,3,3
id17,143,373231,5130,3,3
id17,143,406074,5120,3,3
id17,143,406074,5110,3,3
id17,143,406076,5120,3,3
id17,143,406088,5120,3,3
id17,143,406120,5110,3,3
id17,143,447085,5110,3,3
id17,143,447088,5120,3,3
id17,143,324212,5130,3,3
id17,143,365210,5110,3,3
id17,143,346226,5120,3,3
id17,143,365230,5120,3,3
id17,143,342230,5120,3,3
id17,143,336229,5130,3,3
id17,143,398119,5130,3,3
id17,143,398086,5110,3,3
id17,143,439085,5110,3,3
id17,143,398123,5120,3,3
id17,143,374234,5130,3,3
id17,143,390174,5130,3,3
id17,143,390208,5130,3,3
id17,143,390212,5120,3,3
id17,143,423076,5130,3,3
id17,143,341201,5130,3,3
id17,143,341213,5120,3,3
id17,143,341216,5120,3,3
id17,143,341219,5110,3,3
id17,143,464111,5120,3,3
id17,143,382203,5120,3,3
id17,143,415077,5120,3,3
id17,143,415081,5110,3,3
id17,143,312210,5120,3,3
id17,143,415087,5110,3,3
id17,143,415096,5110,3,3
id17,143,415107,5110,3,3
id17,143,333218,5130,3,3
id17,143,333222,5120,3,3
id17,143,374191,5120,3,3
id17,143,374200,5120,3,3
id17,143,392174,5130,3,3
id17,143,407071,5110,3,3
id17,143,407075,5110,3,3
id17,143,407081,5110,3,3
id17,143,407096,5120,3,3
id17,143,448091,5120,3,3
id17,143,325216,5110,3,3
id17,143,405095,5110,3,3
id17,143,405095,5130,3,3
id17,143,366204,5110,3,3
id17,143,366211,5110,3,3
id17,143,433098,5130,3,3
id17,143,461092,5120,3,3
id17,143,461092,5110,3,3
id17,143,399105,5110,3,3
id17,143,399122,5120,3,3
id17,143,399122,5110,3,3
id17,143,358207,5110,3,3
id17,143,358214,5120,3,3
id17,143,358226,5110,3,3
id17,143,358226,5130,3,3
id17,143,358242,5110,3,3
id17,143,391169,5110,3,3
id17,143,350216,5130,3,3
id17,143,391227,5120,3,2
id17,143,391227,5110,3,2
id17,143,391227,5130,3,0
id17,143,391237,5130,3,3
id17,143,424071,5130,3,3
id17,143,424078,5120,3,3
id17,143,342196,5120,3,3
id17,143,342202,5110,3,3
id17,143,342207,5110,3,3
id17,143,342207,5130,3,3
id17,143,342214,5120,3,3
id17,143,342216,5110,3,3
id17,143,342225,5130,3,3
id17,143,465108,5120,3,3
id17,143,465108,5110,3,3
id17,143,383206,5120,3,3
id17,143,383234,5110,3,3
id17,143,383234,5130,3,3
id17,143,349228,5120,3,3
id17,143,416072,5130,3,3
id17,143,416089,5110,3,3
id17,143,334225,5120,3,3
id17,143,375190,5130,3,3
id17,143,375228,5120,3,3
id17,143,375245,5120,3,3
id17,143,408070,5130,3,3
id17,143,408076,5110,3,3
id17,143,408082,5120,3,3
id17,143,408089,5120,3,3
id17,143,408093,5130,3,3
id17,143,408103,5110,3,3
id17,143,367229,5110,3,3
id17,143,367229,5130,3,3
id17,143,367245,5130,3,3
id17,143,400074,5110,3,3
id17,143,400121,5130,3,3
id17,143,318215,5120,3,3
id17,143,359208,5120,3,3
id17,143,359225,5130,3,3
id17,143,397126,5110,3,3
id17,143,433088,5130,3,3
id17,143,392133,5110,3,3
id17,143,392150,5120,3,3
id17,143,392152,5120,3,3
id17,143,392152,5110,3,3
id17,143,392152,5130,3,3
id17,143,392162,5110,3,3
id17,143,392162,5130,3,3
id17,143,392172,5120,3,3
id17,143,351217,5120,3,3
id17,143,474107,5120,3,3
id17,143,474107,5110,3,3
id17,143,474107,5130,3,3
id17,143,474122,5110,3,3
id17,143,425078,5130,3,3
id17,143,343203,5110,3,3
id17,143,343222,5120,3,3
id17,143,384205,5130,3,3
id17,143,384210,5130,3,3
id17,143,384234,5130,3,3
id17,143,384237,5110,3,3
id17,143,384238,5110,3,3
id17,143,384240,5110,3,3
id17,143,479108,5130,3,3
id17,143,356230,5120,3,3
id17,143,417078,5130,3,3
id17,143,417085,5130,3,3
id17,143,335197,5120,3,3
id17,143,335207,5110,3,3
id17,143,335227,5110,3,3
id17,143,341229,5110,3,3
id17,143,449095,5120,3,3
id17,143,409072,5110,3,3
id17,143,409078,5120,3,3
id17,143,393134,5120,3,3
id17,143,311217,5130,3,3
id17,143,327224,5110,3,3
id17,143,375234,5120,3,3
id17,143,375234,5110,3,3
id17,143,368198,5110,3,3
id17,143,368235,5130,3,3
id17,143,401088,5130,3,3
id17,143,401120,5120,3,3
id17,143,393172,5120,3,3
id17,143,360220,5110,3,3
id17,143,360220,5130,3,3
id17,143,360225,5120,3,3
id17,143,360233,5120,3,3
id17,143,360238,5110,3,3
id17,143,360238,5130,3,3
id17,143,475111,5120,3,3
id17,143,475115,5120,3,3
id17,143,460100,5110,3,3
id17,143,475119,5130,3,3
id17,143,434082,5120,3,3
id17,143,393164,5120,3,3
id17,143,393168,5110,3,3
id17,143,352219,5120,3,3
id17,143,352219,5110,3,3
id17,143,352232,5110,3,3
id17,143,352232,5130,3,3
id17,143,352235,5120,3,3
id17,146,303208,1120,4,3
id17,146,303215,1120,4,3
id17,146,301189,1120,4,3
id17,146,301196,1110,3,3
id17,146,301205,1120,4,3
id17,146,301205,1110,3,3
id17,146,299181,1130,2,3
id17,146,299189,1110,3,3
id17,146,299197,1130,2,3
id17,146,299201,1120,4,3
id17,146,299205,1110,3,3
id17,146,299214,1120,4,3
id17,146,297178,1110,3,3
id17,146,297181,1110,3,3
id17,146,297212,1110,3,3
id17,146,297218,1130,2,3
id17,146,295184,1110,3,3
id17,146,295185,1130,2,3
id17,146,295193,1130,2,3
id17,146,295221,1120,4,3
id17,146,295221,1110,3,3
id17,146,293180,1110,3,3
id17,146,291219,1120,4,3
id17,146,291219,1110,3,3
id17,146,289184,1120,4,3
id17,146,289194,1130,2,3
id17,146,287189,1120,4,3
id17,146,285190,1120,4,3
id17,146,306200,1110,3,3
id17,146,304207,1110,3,3
id17,146,302194,1130,2,3
id17,146,302207,1120,4,3
id17,146,302208,1120,4,3
id17,146,300191,1110,3,3
id17,146,300218,1110,3,3
id17,146,298181,1120,4,3
id17,146,298186,1110,3,3
id17,146,298214,1120,4,3
id17,146,298215,1110,3,3
id17,146,296184,1120,4,3
id17,146,296184,1110,3,3
id17,146,296184,1130,2,3
id17,146,296191,1120,4,3
id17,146,296196,1130,2,3
id17,146,296213,1130,2,3
id17,146,294175,1130,2,3
id17,146,294185,1120,4,3
id17,146,294218,1110,3,3
id17,146,294223,1110,3,3
id17,146,292194,1120,4,3
id17,146,292218,1130,2,3
id17,146,290181,1120,4,3
id17,146,290181,1110,3,3
id17,146,290185,1110,3,3
id17,146,290189,1110,3,3
id17,146,290220,1130,2,3
id17,146,284186,1120,4,3
id17,147,305196,3120,4,3
id17,147,305212,3120,4,3
id17,147,306135,3120,4,3
id17,147,309206,3120,4,3
id17,147,302136,3120,4,3
id17,147,304185,3120,4,3
id17,147,334200,3120,4,3
id17,147,330192,3130,2,3
id17,147,330192,3110,3,3
id17,147,330201,3110,3,3
id17,147,303184,3120,4,3
id17,147,303187,3130,2,3
id17,147,328207,3110,3,3
id17,147,326179,3110,3,3
id17,147,326186,3120,4,3
id17,147,326204,3130,2,3
id17,147,326210,3120,4,3
id17,147,324185,3130,2,3
id17,147,324187,3110,3,3
id17,147,324191,3120,4,3
id17,147,324201,3120,4,3
id17,147,324206,3110,3,3
id17,147,324208,3130,2,3
id17,147,324208,3110,3,3
id17,147,324210,3120,4,3
id17,147,300137,3130,2,3
id17,147,302186,3110,3,3
id17,147,322186,3130,2,3
id17,147,322189,3120,4,3
id17,147,320193,3120,4,3
id17,147,320201,3120,4,3
id17,147,320205,3130,2,3
id17,147,320205,3110,3,3
id17,147,314201,3110,3,3
id17,147,320211,3120,4,3
id17,147,318194,3120,4,3
id17,147,318201,3110,3,3
id17,147,318206,3130,2,3
id17,147,316193,3120,4,3
id17,147,316197,3110,3,3
id17,147,316208,3120,4,3
id17,147,305136,3120,4,3
id17,147,312198,3110,3,3
id17,147,312200,3130,2,3
id17,147,308138,3130,2,3
id17,147,310193,3120,4,3
id17,147,310195,3120,4,3
id17,147,310200,3130,2,3
id17,147,308194,3120,4,3
id17,147,304133,3110,3,3
id17,147,306198,3110,3,3
id17,147,304183,3130,2,3
id17,147,304189,3110,3,3
id17,147,304212,3120,4,3
id17,147,302184,3110,3,3
id17,147,302190,3130,2,3
id17,147,302190,3110,3,3
id17,147,300212,3130,2,3
id17,147,309192,3120,4,3
id17,147,309142,3130,2,3
id17,147,331198,3110,3,3
id17,147,329191,3120,4,3
id17,147,329196,3110,3,3
id17,147,327190,3130,2,3
id17,147,327204,3120,4,3
id17,147,327204,3130,2,3
id17,147,327206,3120,4,3
id17,147,303182,3120,4,3
id17,147,325181,3110,3,3
id17,147,325185,3120,4,3
id17,147,325191,3120,4,3
id17,147,325196,3130,2,3
id17,147,325201,3120,4,3
id17,147,323191,3120,4,2
id17,147,323191,3110,3,0
id17,147,323195,3110,3,3
id17,147,323201,3110,3,3
id17,147,323203,3120,4,3
id17,147,321199,3130,2,3
id17,147,321204,3120,4,3
id17,147,307145,3110,3,3
id17,147,313191,3110,3,3
id17,147,319203,3120,4,3
id17,147,317182,3120,4,3
id17,147,317193,3130,2,3
id17,147,315183,3120,4,3
id17,147,306144,3130,2,3
id17,147,311190,3130,2,3
id17,147,311198,3120,4,3
id17,147,309185,3120,4,3
id17,147,309196,3120,4,3
id17,147,309199,3120,4,3
id17,148,303121,2110,3,3
id17,148,344126,2120,3,2
id17,148,344126,2130,2,0
id17,148,344137,2120,3,3
id17,148,344138,2110,3,3
id17,148,359096,2110,3,3
id17,148,359096,2120,3,3
id17,148,344148,2110,3,3
id17,148,344152,2120,3,3
id17,148,344162,2110,3,3
id17,148,333159,2110,3,3
id17,148,344174,2120,3,3
id17,148,363078,2130,2,3
id17,148,377059,2120,3,3
id17,148,377059,2130,2,3
id17,148,377067,2120,3,3
id17,148,336119,2130,2,3
id17,148,336149,2130,2,3
id17,148,360083,2120,3,3
id17,148,363085,2120,3,3
id17,148,357085,2130,2,3
id17,148,328071,2130,2,3
id17,148,328080,2110,3,3
id17,148,328080,2120,3,3
id17,148,369053,2120,3,3
id17,148,369062,2120,3,3
id17,148,369066,2110,3,3
id17,148,369081,2120,3,2
id17,148,369081,2130,2,0
id17,148,355069,2130,2,3
id17,148,369194,2120,3,3
id17,148,370098,2120,3,3
id17,148,355081,2110,3,3
id17,148,314123,2130,2,3
id17,148,320083,2110,3,3
id17,148,320109,2110,3,3
id17,148,361073,2110,3,3
id17,148,361073,2120,3,3
id17,148,361106,2110,3,3
id17,148,361117,2110,3,3
id17,148,361119,2120,3,3
id17,148,361186,2110,3,3
id17,148,361198,2130,2,3
id17,148,312122,2120,3,3
id17,148,312126,2120,3,3
id17,148,353146,2110,3,3
id17,148,353146,2120,3,3
id17,148,353163,2120,3,3
id17,148,353168,2120,3,3
id17,148,353179,2120,3,3
id17,148,353179,2130,2,3
id17,148,366065,2130,2,3
id17,148,353193,2110,3,3
id17,148,353196,2110,3,3
id17,148,315097,2110,3,3
id17,148,319111,2110,3,3
id17,148,345163,2130,2,3
id17,148,345172,2130,2,3
id17,148,369189,2120,3,3
id17,148,337068,2130,2,3
id17,148,337078,2110,3,3
id17,148,337080,2110,3,3
id17,148,337082,2120,3,3
id17,148,296125,2110,3,3
id17,148,378064,2120,3,3
id17,148,337129,2130,2,3
id17,148,337131,2120,3,3
id17,148,337133,2110,3,3
id17,148,337143,2110,3,3
id17,148,295124,2120,3,3
id17,148,337155,2130,2,3
id17,148,337162,2120,3,3
id17,148,337166,2110,3,0
id17,148,337166,2120,3,2
id17,148,337166,2130,2,2
id17,148,337178,2130,2,3
id17,148,309107,2120,3,3
id17,148,329073,2120,3,3
id17,148,329080,2120,3,3
id17,148,329080,2130,2,3
id17,148,370059,2110,3,3
id17,148,370069,2110,3,3
id17,148,370077,2120,3,3
id17,148,370081,2110,3,3
id17,148,321090,2110,3,3
id17,148,321131,2110,3,3
id17,148,362183,2120,3,3
id17,148,362183,2130,2,3
id17,148,362186,2110,3,3
id17,148,362191,2130,2,3
id17,148,354074,2110,3,3
id17,148,354078,2110,3,3
id17,148,313119,2120,3,3
id17,148,354097,2120,3,3
id17,148,354103,2110,3,3
id17,148,354110,2110,3,3
id17,148,354116,2120,3,3
id17,148,354117,2120,3,3
id17,148,354122,2130,2,3
id17,148,354125,2120,3,3
id17,148,354165,2110,3,3
id17,148,354184,2130,2,3
id17,148,354189,2120,3,3
id17,148,354189,2130,2,3
id17,148,358047,2130,2,3
id17,148,305117,2110,3,3
id17,148,358056,2110,3,3
id17,148,346116,2110,3,3
id17,148,346130,2120,3,3
id17,148,358065,2130,2,3
id17,148,346158,2110,3,3
id17,148,346160,2130,2,3
id17,148,346168,2130,2,3
id17,148,346170,2120,3,3
id17,148,346171,2130,2,3
id17,148,358073,2110,3,3
id17,148,338070,2110,3,3
id17,148,338070,2120,3,3
id17,148,338076,2120,3,3
id17,148,338078,2110,3,3
id17,148,338085,2120,3,3
id17,148,379061,2130,2,3
id17,148,379065,2110,3,3
id17,148,379066,2130,2,3
id17,148,338124,2120,3,3
id17,148,321141,2120,3,3
id17,148,338181,2110,3,3
id17,148,339147,2130,2,3
id17,148,300129,2110,3,3
id17,148,330081,2110,3,3
id17,148,330087,2120,3,3
id17,148,330087,2130,2,3
id17,148,371064,2120,3,3
id17,148,371067,2120,3,3
id17,148,371092,2130,2,3
id17,148,330140,2130,2,3
id17,148,345084,2110,3,3
id17,148,361069,2130,2,3
id17,148,371184,2110,3,3
id17,148,371184,2120,3,3
id17,148,371188,2110,3,3
id17,148,328109,2110,3,3
id17,148,322090,2110,3,3
id17,148,322111,2120,3,3
id17,148,354060,2120,3,3
id17,148,322127,2120,3,3
id17,148,363104,2120,3,3
id17,148,363108,2110,3,3
id17,148,363108,2120,3,3
id17,148,363116,2120,3,3
id17,148,313109,2110,3,3
id17,148,363174,2130,2,3
id17,148,363183,2120,3,3
id17,148,363193,2110,3,3
id17,148,369099,2110,3,3
id17,148,313121,2110,3,3
id17,148,347072,2120,3,3
id17,148,355093,2130,2,3
id17,148,355103,2120,3,3
id17,148,355104,2130,2,3
id17,148,355114,2110,3,3
id17,148,355118,2120,3,3
id17,148,354099,2130,2,3
id17,148,353076,2110,3,3
id17,148,353076,2120,3,3
id17,148,362078,2110,3,3
id17,148,362078,2120,3,3
id17,148,339083,2120,3,3
id17,148,351167,2110,3,3
id17,148,351167,2120,3,3
id17,148,298125,2130,2,3
id17,148,344075,2130,2,3
id17,148,339165,2110,3,3
id17,148,355180,2120,3,3
id17,148,355182,2110,3,3
id17,148,355191,2120,3,3
id17,148,322119,2110,3,3
id17,148,362081,2110,3,3
id17,148,350079,2110,3,3
id17,148,350079,2120,3,3
id17,148,347082,2120,3,3
id17,148,347085,2120,3,3
id17,148,362083,2130,2,3
id17,148,341079,2120,3,3
id17,148,347099,2120,3,3
id17,148,349065,2130,2,3
id17,148,347125,2110,3,3
id17,148,324096,2110,3,3
id17,148,347156,2110,3,3
id17,148,347162,2130,2,3
id17,148,347168,2130,2,3
id17,148,347173,2110,3,3
id17,148,324108,2110,3,3
id17,148,324108,2120,3,3
id17,148,362087,2110,3,3
id17,148,362087,2120,3,3
id17,148,365070,2120,3,3
id17,148,324112,2110,3,3
id17,148,339079,2120,3,3
id17,148,339118,2110,3,3
id17,148,339134,2120,3,3
id17,148,339145,2130,2,3
id17,148,365101,2130,2,3
id17,148,350084,2110,3,3
id17,148,331073,2130,2,3
id17,148,331083,2120,3,3
id17,148,372061,2110,3,3
id17,148,356095,2110,3,3
id17,148,365097,2110,3,3
id17,148,372084,2120,3,3
id17,148,377100,2120,3,3
id17,148,345145,2110,3,3
id17,148,331138,2120,3,3
id17,148,350113,2110,3,3
id17,148,372188,2120,3,3
id17,148,323080,2120,3,3
id17,148,364056,2110,3,3
id17,148,364062,2110,3,3
id17,148,364072,2130,2,3
id17,148,364076,2130,2,3
id17,148,320095,2120,3,3
id17,148,364111,2110,3,3
id17,148,320096,2120,3,3
id17,148,376080,2110,3,3
id17,148,364186,2130,2,3
id17,148,320113,2130,2,3
id17,148,361077,2120,3,3
id17,148,315092,2110,3,3
id17,148,315092,2130,2,3
id17,148,356075,2110,3,3
id17,148,356075,2120,3,3
id17,148,356084,2130,2,3
id17,148,356090,2120,3,3
id17,148,356114,2120,3,3
id17,148,350167,2130,2,3
id17,148,361100,2110,3,3
id17,148,350179,2120,3,3
id17,148,307114,2110,3,3
id17,148,307114,2120,3,3
id17,148,348084,2120,3,3
id17,148,348084,2130,2,3
id17,148,329110,2130,2,3
id17,148,308106,2130,2,3
id17,148,331085,2120,3,3
id17,148,331085,2130,2,3
id17,148,348117,2120,3,3
id17,148,378099,2120,3,3
id17,148,348155,2120,3,3
id17,148,348157,2110,3,3
id17,148,348177,2110,3,3
id17,148,348191,2120,3,3
id17,148,381068,2110,3,3
id17,148,381068,2130,2,3
id17,148,316098,2130,2,3
id17,148,340119,2130,2,3
id17,148,340121,2130,2,3
id17,148,340135,2120,3,3
id17,148,357064,2110,3,3
id17,148,340147,2110,3,3
id17,148,340147,2120,3,3
id17,148,340154,2110,3,3
id17,148,340172,2120,3,3
id17,148,340174,2130,2,3
id17,148,335138,2110,3,3
id17,148,335138,2120,3,3
id17,148,302115,2110,3,3
id17,148,357078,2110,3,3
id17,148,311117,2120,3,3
id17,148,332070,2110,3,3
id17,148,332076,2120,3,3
id17,148,332078,2110,3,3
id17,148,373077,2130,2,3
id17,148,332139,2110,3,3
id17,148,301118,2130,2,3
id17,148,301121,2110,3,3
id17,148,316141,2120,3,3
id17,148,363101,2120,3,3
id17,148,327071,2110,3,3
id17,148,324077,2120,3,3
id17,148,324081,2110,3,3
id17,148,324085,2130,2,3
id17,148,324106,2120,3,3
id17,148,365074,2110,3,3
id17,148,365090,2120,3,3
id17,148,324134,2110,3,3
id17,148,324134,2120,3,3
id17,148,324134,2130,2,3
id17,148,324139,2130,2,3
id17,148,365105,2120,3,3
id17,148,365111,2130,2,3
id17,148,365113,2120,3,3
id17,148,365176,2130,2,3
id17,148,365178,2110,3,3
id17,148,365180,2120,3,3
id17,148,365185,2120,3,3
id17,148,365189,2120,3,3
id17,148,324095,2110,3,3
id17,148,327110,2120,3,3
id17,148,341137,2110,3,3
id17,148,316084,2110,3,3
id17,148,316088,2110,3,3
id17,148,316114,2130,2,3
id17,148,357097,2130,2,3
id17,148,361054,2110,3,3
id17,148,355053,2110,3,3
id17,148,312120,2120,3,3
id17,148,353081,2120,3,3
id17,148,344173,2110,3,3
id17,148,308109,2110,3,3
id17,148,349120,2130,2,3
id17,148,349132,2120,3,3
id17,148,353102,2130,2,3
id17,148,349150,2130,2,3
id17,148,349177,2110,3,3
id17,148,349177,2120,3,3
id17,148,349183,2120,3,3
id17,148,349185,2110,3,3
id17,148,349187,2120,3,3
id17,148,349196,2110,3,3
id17,148,323077,2110,3,3
id17,148,364045,2120,3,3
id17,148,364049,2120,3,3
id17,148,382065,2130,2,3
id17,148,341133,2120,3,3
id17,148,341146,2120,3,3
id17,148,341152,2110,3,3
id17,148,341168,2110,3,3
id17,148,333070,2110,3,3
id17,148,333074,2110,3,3
id17,148,374063,2110,3,3
id17,148,374063,2130,2,3
id17,148,346069,2110,3,3
id17,148,374081,2120,3,3
id17,148,333141,2110,3,3
id17,148,333155,2120,3,3
id17,148,333156,2110,3,3
id17,148,323139,2120,3,3
id17,148,364102,2110,3,3
id17,148,357099,2110,3,3
id17,148,325070,2120,3,3
id17,148,325073,2110,3,2
id17,148,325073,2130,2,0
id17,148,325075,2110,3,3
id17,148,325089,2110,3,3
id17,148,325089,2120,3,3
id17,148,366057,2120,3,3
id17,148,366061,2110,3,3
id17,148,366091,2120,3,3
id17,148,325135,2110,3,3
id17,148,325139,2110,3,3
id17,148,325140,2110,3,3
id17,148,366114,2110,3,3
id17,148,366182,2120,3,3
id17,148,317085,2120,3,3
id17,148,317085,2130,2,3
id17,148,358046,2130,2,3
id17,148,317093,2110,3,3
id17,148,358101,2110,3,3
id17,148,358101,2120,3,3
id17,148,358103,2120,3,3
id17,148,358116,2110,3,3
id17,148,334120,2120,3,3
id17,148,360062,2110,3,3
id17,148,319103,2130,2,3
id17,148,362179,2110,3,3
id17,148,358180,2110,3,3
id17,148,358187,2110,3,3
id17,148,358191,2120,3,3
id17,148,319114,2110,3,3
id17,148,319116,2110,3,3
id17,148,360077,2120,3,3
id17,148,309125,2110,3,3
id17,148,350123,2110,3,3
id17,148,345076,2110,3,3
id17,148,335179,2110,3,3
id17,148,341071,2130,2,3
id17,148,350181,2120,3,3
id17,148,350185,2110,3,3
id17,148,350192,2120,3,3
id17,148,316139,2130,2,3
id17,148,358095,2110,3,3
id17,148,342072,2120,3,3
id17,148,301129,2110,3,3
id17,148,342118,2110,3,3
id17,148,342122,2130,2,3
id17,148,342140,2120,3,3
id17,148,342142,2110,3,3
id17,148,342142,2120,3,3
id17,148,342147,2120,3,3
id17,148,342149,2120,3,3
id17,148,342163,2130,2,3
id17,148,322094,2130,2,3
id17,148,321119,2130,2,3
id17,148,322095,2120,3,3
id17,148,315088,2110,3,3
id17,148,334072,2130,2,3
id17,148,334084,2110,3,3
id17,148,334084,2120,3,3
id17,148,375064,2120,3,3
id17,148,375077,2110,3,3
id17,148,334134,2130,2,3
id17,148,334136,2110,3,3
id17,148,334138,2120,3,3
id17,148,334161,2120,3,3
id17,148,334162,2120,3,3
id17,148,356079,2110,3,3
id17,148,326073,2120,3,3
id17,148,367061,2110,3,3
id17,148,367089,2130,2,3
id17,148,367102,2130,2,3
id17,148,354059,2130,2,3
id17,148,341084,2110,3,3
id17,148,357060,2120,3,3
id17,148,357060,2130,2,3
id17,148,367183,2120,3,3
id17,148,367185,2110,3,3
id17,148,367190,2120,3,3
id17,148,367191,2110,3,3
id17,148,367191,2120,3,3
id17,148,310106,2120,3,3
id17,148,310106,2130,2,3
id17,148,318086,2130,2,3
id17,148,318092,2110,3,3
id17,148,318092,2120,3,3
id17,148,359088,2120,3,3
id17,148,326089,2120,3,3
id17,148,359101,2110,3,3
id17,148,359104,2120,3,3
id17,148,359115,2130,2,3
id17,148,307110,2120,3,3
id17,148,307110,2130,2,3
id17,148,337139,2110,3,3
id17,148,359187,2130,2,3
id17,148,341131,2110,3,3
id17,148,351062,2110,3,3
id17,148,351062,2120,3,3
id17,148,351076,2120,3,3
id17,148,310125,2120,3,3
id17,148,311105,2110,3,3
id17,148,351114,2110,3,3
id17,148,351120,2110,3,3
id17,148,341149,2110,3,3
id17,148,351175,2130,2,3
id17,148,351188,2110,3,3
id17,148,352080,2110,3,3
id17,148,322101,2130,2,3
id17,148,343068,2110,3,3
id17,148,343068,2120,3,3
id17,148,343069,2120,3,3
id17,148,302113,2130,2,3
id17,148,343082,2120,3,3
id17,148,322124,2120,3,3
id17,148,343149,2120,3,3
id17,148,343149,2130,2,3
id17,148,343151,2120,3,3
id17,148,343159,2120,3,3
id17,148,343175,2130,2,3
id17,148,306109,2120,3,3
id17,148,335071,2120,3,3
id17,148,335075,2130,2,3
id17,148,335080,2110,3,3
id17,148,335087,2130,2,3
id17,148,335088,2130,2,3
id17,148,352127,2130,2,3
id17,148,376065,2110,3,3
id17,148,335135,2130,2,3
id17,148,335147,2110,3,3
id17,148,363050,2110,3,3
id17,148,363050,2120,3,3
id17,148,363081,2120,3,3
id17,148,320131,2120,3,3
id17,148,320131,2130,2,3
id17,148,363052,2110,3,3
id17,148,322112,2130,2,3
id17,148,343139,2120,3,3
id17,148,327081,2110,3,3
id17,148,327087,2130,2,3
id17,148,368056,2120,3,3
id17,148,368074,2110,3,3
id17,148,368078,2130,2,3
id17,148,368109,2120,3,3
id17,148,368109,2130,2,3
id17,148,348072,2130,2,3
id17,148,368174,2130,2,3
id17,148,360112,2130,2,3
id17,148,360116,2120,3,3
id17,148,360196,2110,3,3
id17,148,360197,2130,2,3
id17,148,313096,2120,3,3
id17,148,352055,2120,3,3
id17,148,352098,2110,3,3
id17,148,352099,2130,2,3
id17,148,352104,2110,3,3
id17,148,352104,2120,3,3
id17,148,352118,2110,3,3
id17,148,352123,2130,2,3
id17,148,352125,2120,3,3
id17,148,352142,2110,3,3
id17,148,318105,2120,3,3
id17,148,352169,2120,3,3
id17,148,352178,2120,3,3
id17,148,352180,2120,3,3
id17,148,352180,2130,2,3
id17,148,352182,2120,3,3
id17,148,352182,2130,2,3
id17,148,352192,2130,2,3
id17,148,318113,2130,2,3
id17,148,301117,2120,3,3
id17,148,359082,2120,3,3
id17,191,379224,4110,4,2
id17,191,346209,4110,4,2
id17,191,344187,4120,4,2
id17,191,344211,4120,4,2
id17,191,303132,4110,4,2
id17,191,342199,4110,4,2
id17,191,340187,4110,4,2
id17,191,340193,4110,4,2
id17,191,336177,4120,4,2
id17,191,336192,4110,4,2
id17,191,334175,4120,4,2
id17,191,334175,4110,4,2
id17,191,334188,4120,4,2
id17,191,334193,4120,4,2
id17,191,332172,4110,4,2
id17,191,332184,4110,4,2
id17,191,332191,4110,4,2
id17,191,330173,4120,4,2
id17,191,330182,4110,4,2
id17,191,330183,4110,4,2
id17,191,328171,4120,4,2
id17,191,328172,4120,4,2
id17,191,328177,4110,4,2
id17,191,328181,4120,4,2
id17,191,326144,4120,4,2
id17,191,326148,4110,4,2
id17,191,371211,4120,4,2
id17,191,371213,4120,4,2
id17,191,371219,4120,4,2
id17,191,371223,4110,4,2
id17,191,330177,4110,4,2
id17,191,318132,4110,4,2
id17,191,363213,4110,4,2
id17,191,314129,4110,4,2
id17,191,314133,4110,4,2
id17,191,314134,4120,4,2
id17,191,314142,4120,4,2
id17,191,310134,4120,4,2
id17,191,310134,4110,4,2
id17,191,308132,4120,4,2
id17,191,308132,4110,4,2
id17,191,306131,4110,4,2
id17,191,351211,4110,4,2
id17,191,327169,4110,4,2
id17,191,302127,4110,4,2
id17,191,302128,4120,4,2
id17,191,347213,4110,4,2
id17,191,343178,4120,4,2
id17,191,342211,4120,4,2
id17,191,386228,4120,4,2
id17,191,385226,4120,4,2
id17,191,341192,4120,4,2
id17,191,384231,4120,4,2
id17,191,337176,4120,4,2
id17,191,337191,4110,4,2
id17,191,337192,4120,4,2
id17,191,335177,4110,4,2
id17,191,378220,4120,4,2
id17,191,348185,4120,4,2
id17,191,333177,4110,4,2
id17,191,333178,4120,4,2
id17,191,333189,4110,4,2
id17,191,331172,4110,4,2
id17,191,331173,4120,4,2
id17,191,331174,4110,4,2
id17,191,331176,4120,4,2
id17,191,374220,4110,4,2
id17,191,329168,4110,4,2
id17,191,338168,4110,4,2
id17,191,329183,4110,4,2
id17,191,329189,4120,4,2
id17,191,325143,4120,4,2
id17,191,370223,4110,4,2
id17,191,323147,4120,4,2
id17,191,323148,4120,4,2
id17,191,332168,4120,4,2
id17,191,332168,4110,4,2
id17,191,319131,4110,4,2
id17,191,364213,4120,4,2
id17,191,315129,4110,4,2
id17,191,313134,4120,4,2
id17,191,313138,4120,4,2
id17,191,311141,4110,4,2
id17,191,366225,4110,4,2
id17,191,335168,4120,4,2
id17,191,309138,4120,4,2
id17,191,307127,4120,4,2
id17,191,307128,4110,4,2
id17,191,307132,4120,4,2
id17,191,305130,4110,4,2
